<?xml version="1.0" encoding="UTF-8"?><?xml-stylesheet type='text/xsl' href='_UpgradeReport_Files/UpgradeReport.xslt'?><UpgradeLog>
<Properties><Property Name="Solution" Value="FixedDebugTwelve3">
</Property><Property Name="Solution File" Value="C:\C#\Chapter.13\DebuggingExercises\FixedDebugTwelve3\FixedDebugTwelve3.sln">
</Property><Property Name="User Options File" Value="C:\C#\Chapter.13\DebuggingExercises\FixedDebugTwelve3\FixedDebugTwelve3.suo">
</Property><Property Name="Date" Value="Wednesday, January 06, 2010">
</Property><Property Name="Time" Value="9:45 AM">
</Property><Property Name="Log Number" Value="2">
</Property></Properties><Event ErrorLevel="0" Project="" Source="FixedDebugTwelve3.sln" Description="File successfully backed up as C:\C#\Chapter.13\DebuggingExercises\FixedDebugTwelve3\Backup1\FixedDebugTwelve3.sln">
</Event><Event ErrorLevel="0" Project="" Source="FixedDebugTwelve3.suo" Description="File successfully backed up as C:\C#\Chapter.13\DebuggingExercises\FixedDebugTwelve3\Backup1\FixedDebugTwelve3.suo">
</Event><Event ErrorLevel="0" Project="FixedDebugTwelve3" Source="FixedDebugTwelve3\FixedDebugTwelve3.csproj" Description="Project file successfully backed up as C:\C#\Chapter.13\DebuggingExercises\FixedDebugTwelve3\Backup1\FixedDebugTwelve3\FixedDebugTwelve3.csproj">
</Event><Event ErrorLevel="0" Project="FixedDebugTwelve3" Source="FixedDebugTwelve3\Form1.cs" Description="File successfully backed up as C:\C#\Chapter.13\DebuggingExercises\FixedDebugTwelve3\Backup1\FixedDebugTwelve3\Form1.cs">
</Event><Event ErrorLevel="0" Project="FixedDebugTwelve3" Source="FixedDebugTwelve3\Form1.Designer.cs" Description="File successfully backed up as C:\C#\Chapter.13\DebuggingExercises\FixedDebugTwelve3\Backup1\FixedDebugTwelve3\Form1.Designer.cs">
</Event><Event ErrorLevel="0" Project="FixedDebugTwelve3" Source="FixedDebugTwelve3\Program.cs" Description="File successfully backed up as C:\C#\Chapter.13\DebuggingExercises\FixedDebugTwelve3\Backup1\FixedDebugTwelve3\Program.cs">
</Event><Event ErrorLevel="0" Project="FixedDebugTwelve3" Source="FixedDebugTwelve3\Properties\AssemblyInfo.cs" Description="File successfully backed up as C:\C#\Chapter.13\DebuggingExercises\FixedDebugTwelve3\Backup1\FixedDebugTwelve3\Properties\AssemblyInfo.cs">
</Event><Event ErrorLevel="0" Project="FixedDebugTwelve3" Source="FixedDebugTwelve3\Properties\Resources.Designer.cs" Description="File successfully backed up as C:\C#\Chapter.13\DebuggingExercises\FixedDebugTwelve3\Backup1\FixedDebugTwelve3\Properties\Resources.Designer.cs">
</Event><Event ErrorLevel="0" Project="FixedDebugTwelve3" Source="FixedDebugTwelve3\Properties\Settings.Designer.cs" Description="File successfully backed up as C:\C#\Chapter.13\DebuggingExercises\FixedDebugTwelve3\Backup1\FixedDebugTwelve3\Properties\Settings.Designer.cs">
</Event><Event ErrorLevel="0" Project="FixedDebugTwelve3" Source="FixedDebugTwelve3\Properties\Settings.settings" Description="File successfully backed up as C:\C#\Chapter.13\DebuggingExercises\FixedDebugTwelve3\Backup1\FixedDebugTwelve3\Properties\Settings.settings">
</Event><Event ErrorLevel="0" Project="FixedDebugTwelve3" Source="FixedDebugTwelve3\Form1.resx" Description="File successfully backed up as C:\C#\Chapter.13\DebuggingExercises\FixedDebugTwelve3\Backup1\FixedDebugTwelve3\Form1.resx">
</Event><Event ErrorLevel="0" Project="FixedDebugTwelve3" Source="FixedDebugTwelve3\Properties\Resources.resx" Description="File successfully backed up as C:\C#\Chapter.13\DebuggingExercises\FixedDebugTwelve3\Backup1\FixedDebugTwelve3\Properties\Resources.resx">
</Event><Event ErrorLevel="0" Project="FixedDebugTwelve3" Source="FixedDebugTwelve3\FixedDebugTwelve3.csproj" Description="Project converted successfully">
</Event><Event ErrorLevel="3" Project="FixedDebugTwelve3" Source="FixedDebugTwelve3\FixedDebugTwelve3.csproj" Description="Converted">
</Event><Event ErrorLevel="0" Project="" Source="FixedDebugTwelve3.sln" Description="Solution converted successfully">
</Event><Event ErrorLevel="3" Project="" Source="FixedDebugTwelve3.sln" Description="Converted">
</Event><Event ErrorLevel="0" Project="FixedDebugTwelve3" Source="FixedDebugTwelve3\FixedDebugTwelve3.csproj" Description="Scan complete: Upgrade not required for project files.">
</Event></UpgradeLog>